timestamp,event,bar_time,atr_norm
2026-02-03 00:07:42,NO_TRADE_LOW_ATR,2026-02-03 02:05:00+02:00,0.0004979158392947707
2026-02-03 00:10:01,NO_TRADE_LOW_CONF,2026-02-03 02:10:00+02:00,0.5432218
2026-02-03 00:15:01,NO_TRADE_LOW_ATR,2026-02-03 02:15:00+02:00,0.0004982883707537338
2026-02-03 00:20:01,NO_TRADE_LOW_CONF,2026-02-03 02:20:00+02:00,0.514275
2026-02-03 00:30:01,NO_TRADE_LOW_CONF,2026-02-03 02:30:00+02:00,0.5263583
2026-02-03 00:35:01,NO_TRADE_LOW_CONF,2026-02-03 02:35:00+02:00,0.5234117
2026-02-03 00:45:01,NO_TRADE_LOW_ATR,2026-02-03 02:40:00+02:00,0.00048236252280743446
2026-02-03 00:50:01,NO_TRADE_LOW_ATR,2026-02-03 02:50:00+02:00,0.0004290623327871599
2026-02-03 00:55:01,NO_TRADE_LOW_ATR,2026-02-03 02:55:00+02:00,0.00042448147762861194
2026-02-03 01:00:01,NO_TRADE_LOW_ATR,2026-02-03 03:00:00+02:00,0.00041582029573930166
2026-02-03 01:05:01,NO_TRADE_LOW_ATR,2026-02-03 03:05:00+02:00,0.00040759396645476115
2026-02-03 01:10:01,NO_TRADE_LOW_ATR,2026-02-03 03:10:00+02:00,0.00039284311920088303
2026-02-03 01:15:01,NO_TRADE_LOW_ATR,2026-02-03 03:15:00+02:00,0.0003862005015737429
2026-02-03 01:25:01,NO_TRADE_LOW_ATR,2026-02-03 03:20:00+02:00,0.00039592944131713995
2026-02-03 01:30:01,NO_TRADE_LOW_ATR,2026-02-03 03:30:00+02:00,0.000357052979042852
2026-02-03 01:40:01,NO_TRADE_LOW_ATR,2026-02-03 03:40:00+02:00,0.00034552191629979244
2026-02-03 01:50:01,NO_TRADE_LOW_CONF,2026-02-03 03:50:00+02:00,0.53724515
2026-02-03 01:55:01,NO_TRADE_LOW_CONF,2026-02-03 03:55:00+02:00,0.52799904
2026-02-03 02:00:01,NO_TRADE_LOW_ATR,2026-02-03 04:00:00+02:00,0.0003546717615521164
2026-02-03 02:05:01,NO_TRADE_LOW_ATR,2026-02-03 04:05:00+02:00,0.0003641329306890075
2026-02-03 02:15:01,NO_TRADE_LOW_ATR,2026-02-03 04:10:00+02:00,0.00037378502591180386
2026-02-03 02:20:01,NO_TRADE_LOW_ATR,2026-02-03 04:15:00+02:00,0.0003877762539408183
2026-02-03 02:25:01,NO_TRADE_LOW_ATR,2026-02-03 04:25:00+02:00,0.0003601147099700096
2026-02-03 02:35:01,NO_TRADE_LOW_ATR,2026-02-03 04:35:00+02:00,0.00035113405929329143
2026-02-03 02:40:01,NO_TRADE_LOW_ATR,2026-02-03 04:40:00+02:00,0.00035354392477878285
2026-02-03 02:45:01,NO_TRADE_LOW_ATR,2026-02-03 04:45:00+02:00,0.0003633362119828863
2026-02-03 02:50:01,NO_TRADE_LOW_ATR,2026-02-03 04:50:00+02:00,0.00034995037315768376
2026-02-03 02:55:01,NO_TRADE_LOW_ATR,2026-02-03 04:55:00+02:00,0.0003426710432590413
2026-02-03 03:00:01,NO_TRADE_LOW_CONF,2026-02-03 05:00:00+02:00,0.5176118
2026-02-03 03:05:01,NO_TRADE_LOW_CONF,2026-02-03 05:05:00+02:00,0.54884857
2026-02-03 03:10:01,NO_TRADE_LOW_ATR,2026-02-03 05:10:00+02:00,0.0003526241614645338
2026-02-03 03:20:01,NO_TRADE_LOW_ATR,2026-02-03 05:15:00+02:00,0.0003823198990820211
2026-02-03 03:25:01,NO_TRADE_LOW_ATR,2026-02-03 05:20:00+02:00,0.0003816677136736406
2026-02-03 03:30:01,NO_TRADE_LOW_ATR,2026-02-03 05:30:00+02:00,0.0003493055863818419
2026-02-03 03:35:01,NO_TRADE_LOW_ATR,2026-02-03 05:35:00+02:00,0.00035065031597460454
2026-02-03 03:40:01,NO_TRADE_LOW_ATR,2026-02-03 05:40:00+02:00,0.0003456703266065294
2026-02-03 03:50:01,NO_TRADE_LOW_ATR,2026-02-03 05:50:00+02:00,0.0003459112023836527
2026-02-03 03:55:01,NO_TRADE_LOW_ATR,2026-02-03 05:55:00+02:00,0.0003373949228116796
2026-02-03 04:05:01,NO_TRADE_LOW_CONF,2026-02-03 06:05:00+02:00,0.5206232
2026-02-03 04:10:01,NO_TRADE_LOW_CONF,2026-02-03 06:10:00+02:00,0.5025657
2026-02-03 04:20:01,NO_TRADE_LOW_CONF,2026-02-03 06:20:00+02:00,0.5204699
2026-02-03 04:25:01,NO_TRADE_LOW_CONF,2026-02-03 06:25:00+02:00,0.520931
2026-02-03 04:35:01,NO_TRADE_LOW_CONF,2026-02-03 06:35:00+02:00,0.49728468
2026-02-03 04:45:01,NO_TRADE_LOW_CONF,2026-02-03 06:40:00+02:00,0.5306177
2026-02-03 04:50:01,NO_TRADE_LOW_CONF,2026-02-03 06:45:00+02:00,0.54688674
2026-02-03 04:55:01,NO_TRADE_LOW_ATR,2026-02-03 06:50:00+02:00,0.00029495414641059447
2026-02-03 05:00:01,NO_TRADE_LOW_ATR,2026-02-03 06:55:00+02:00,0.0002815414056297819
2026-02-03 05:05:01,NO_TRADE_LOW_ATR,2026-02-03 07:00:00+02:00,0.000301164416184752
2026-02-03 05:10:01,NO_TRADE_LOW_ATR,2026-02-03 07:05:00+02:00,0.0003078225709838594
2026-02-03 05:15:01,NO_TRADE_LOW_ATR,2026-02-03 07:15:00+02:00,0.00027978442707120456
2026-02-03 05:25:01,NO_TRADE_LOW_ATR,2026-02-03 07:20:00+02:00,0.00030768345433093003
2026-02-03 05:30:01,NO_TRADE_LOW_CONF,2026-02-03 07:25:00+02:00,0.5142164
2026-02-03 05:35:01,NO_TRADE_LOW_CONF,2026-02-03 07:30:00+02:00,0.5162306
2026-02-03 05:40:01,NO_TRADE_LOW_ATR,2026-02-03 07:35:00+02:00,0.000293841619962784
2026-02-03 05:45:01,NO_TRADE_LOW_CONF,2026-02-03 07:40:00+02:00,0.53790087
2026-02-03 05:50:01,NO_TRADE_LOW_ATR,2026-02-03 07:50:00+02:00,0.000284498445229637
2026-02-03 06:00:01,NO_TRADE_LOW_CONF,2026-02-03 08:00:00+02:00,0.5231112
2026-02-03 06:05:01,NO_TRADE_LOW_ATR,2026-02-03 08:05:00+02:00,0.00028005186343239515
2026-02-03 06:15:01,NO_TRADE_LOW_CONF,2026-02-03 08:15:00+02:00,0.5022012
2026-02-03 06:25:01,NO_TRADE_LOW_CONF,2026-02-03 08:20:00+02:00,0.5356969
2026-02-03 06:30:01,NO_TRADE_LOW_ATR,2026-02-03 08:30:00+02:00,0.00026740656479000045
2026-02-03 06:40:01,NO_TRADE_LOW_ATR,2026-02-03 08:35:00+02:00,0.0003021906563352222
2026-02-03 06:45:01,NO_TRADE_LOW_ATR,2026-02-03 08:45:00+02:00,0.0002850240585260554
2026-02-03 06:55:01,NO_TRADE_LOW_ATR,2026-02-03 08:55:00+02:00,0.00028146026433113964
2026-02-03 07:05:01,NO_TRADE_LOW_ATR,2026-02-03 09:00:00+02:00,0.0003009462725114974
2026-02-03 07:10:01,NO_TRADE_LOW_ATR,2026-02-03 09:10:00+02:00,0.00027397996406592365
2026-02-03 07:20:01,NO_TRADE_LOW_ATR,2026-02-03 09:20:00+02:00,0.00028904414681282656
2026-02-03 07:30:01,NO_TRADE_LOW_CONF,2026-02-03 09:30:00+02:00,0.5114438
2026-02-03 07:40:01,NO_TRADE_LOW_ATR,2026-02-03 09:40:00+02:00,0.000289376618438707
2026-02-03 07:45:01,NO_TRADE_LOW_ATR,2026-02-03 09:45:00+02:00,0.0002858753053518646
2026-02-03 07:55:01,NO_TRADE_LOW_ATR,2026-02-03 09:50:00+02:00,0.0003063884355396942
2026-02-03 08:00:01,NO_TRADE_LOW_ATR,2026-02-03 10:00:00+02:00,0.0002917977159278022
2026-02-03 08:05:01,NO_TRADE_LOW_ATR,2026-02-03 10:05:00+02:00,0.00031031414696372435
2026-02-03 08:15:01,NO_TRADE_LOW_ATR,2026-02-03 10:15:00+02:00,0.00033639909327463067
2026-02-03 08:20:01,NO_TRADE_LOW_ATR,2026-02-03 10:20:00+02:00,0.0003302968877967839
2026-02-03 08:25:01,NO_TRADE_LOW_ATR,2026-02-03 10:25:00+02:00,0.00033413291150977554
2026-02-03 08:30:01,NO_TRADE_LOW_ATR,2026-02-03 10:30:00+02:00,0.000349503033615939
2026-02-03 08:40:01,NO_TRADE_LOW_ATR,2026-02-03 10:40:00+02:00,0.0003563976758832158
2026-02-03 08:45:01,NO_TRADE_LOW_ATR,2026-02-03 10:45:00+02:00,0.00035185201571300045
2026-02-03 08:50:01,NO_TRADE_LOW_ATR,2026-02-03 10:50:00+02:00,0.00034471121722467237
2026-02-03 08:55:01,NO_TRADE_LOW_ATR,2026-02-03 10:55:00+02:00,0.00034264467106178537
2026-02-03 09:00:01,NO_TRADE_LOW_ATR,2026-02-03 11:00:00+02:00,0.00033787849322696416
2026-02-03 09:10:01,NO_TRADE_LOW_ATR,2026-02-03 11:10:00+02:00,0.0003589484553353918
2026-02-03 09:15:01,NO_TRADE_LOW_ATR,2026-02-03 11:15:00+02:00,0.00035712054214567525
2026-02-03 09:20:01,NO_TRADE_LOW_ATR,2026-02-03 11:20:00+02:00,0.0003594502654022915
2026-02-03 09:25:01,NO_TRADE_LOW_ATR,2026-02-03 11:25:00+02:00,0.00036923365924891637
2026-02-03 09:30:01,NO_TRADE_LOW_ATR,2026-02-03 11:30:00+02:00,0.0003640478762661628
2026-02-03 09:35:02,NO_TRADE_LOW_CONF,2026-02-03 11:35:00+02:00,0.50341547
2026-02-03 09:45:01,NO_TRADE_LOW_ATR,2026-02-03 11:45:00+02:00,0.00036783369862408575
2026-02-03 09:50:01,NO_TRADE_LOW_ATR,2026-02-03 11:50:00+02:00,0.0003631534658985871
2026-02-03 09:55:01,NO_TRADE_LOW_ATR,2026-02-03 11:55:00+02:00,0.0003588332655791274
2026-02-03 10:00:01,NO_TRADE_LOW_ATR,2026-02-03 12:00:00+02:00,0.0003534602493117532
2026-02-03 10:10:01,NO_TRADE_LOW_ATR,2026-02-03 12:10:00+02:00,0.0003407136289435454
2026-02-03 10:15:01,NO_TRADE_LOW_ATR,2026-02-03 12:15:00+02:00,0.0003366271205885342
2026-02-03 10:20:01,NO_TRADE_LOW_CONF,2026-02-03 12:20:00+02:00,0.5377553
2026-02-03 10:25:01,NO_TRADE_LOW_CONF,2026-02-03 12:25:00+02:00,0.521691
2026-02-03 10:30:01,NO_TRADE_LOW_ATR,2026-02-03 12:30:00+02:00,0.00032687154478385644
2026-02-03 10:40:01,NO_TRADE_LOW_CONF,2026-02-03 12:35:00+02:00,0.50123477
2026-02-03 10:45:01,NO_TRADE_LOW_ATR,2026-02-03 12:40:00+02:00,0.0003311932798557485
2026-02-03 10:50:01,NO_TRADE_LOW_ATR,2026-02-03 12:45:00+02:00,0.0003215314557303343
2026-02-03 10:55:01,NO_TRADE_LOW_ATR,2026-02-03 12:50:00+02:00,0.00031895434591471455
2026-02-03 11:00:01,NO_TRADE_LOW_ATR,2026-02-03 12:55:00+02:00,0.0003115485965409935
2026-02-03 11:05:01,NO_TRADE_LOW_ATR,2026-02-03 13:05:00+02:00,0.00030316385484342506
2026-02-03 11:15:01,NO_TRADE_LOW_ATR,2026-02-03 13:15:00+02:00,0.0003184176579649477
2026-02-03 11:20:01,NO_TRADE_LOW_ATR,2026-02-03 13:20:00+02:00,0.00031247884541348546
2026-02-03 11:30:01,NO_TRADE_LOW_ATR,2026-02-03 13:30:00+02:00,0.0003149123906557709
2026-02-03 11:35:01,NO_TRADE_LOW_ATR,2026-02-03 13:35:00+02:00,0.00032469092313261043
2026-02-03 11:40:01,NO_TRADE_LOW_ATR,2026-02-03 13:40:00+02:00,0.000320598656089269
2026-02-03 11:50:01,NO_TRADE_LOW_ATR,2026-02-03 13:50:00+02:00,0.0003303590727211459
2026-02-03 11:55:01,NO_TRADE_LOW_ATR,2026-02-03 13:55:00+02:00,0.00032832097701325855
2026-02-03 12:00:01,NO_TRADE_LOW_ATR,2026-02-03 14:00:00+02:00,0.00033344380124909425
2026-02-03 12:05:01,NO_TRADE_LOW_CONF,2026-02-03 14:05:00+02:00,0.53686035
2026-02-03 12:10:01,NO_TRADE_LOW_ATR,2026-02-03 14:10:00+02:00,0.00037355937594889054
2026-02-03 13:00:01,TRADE_BLOCKED_MARGIN,2026-02-03 14:55:00+02:00,SHORT,197.68
2026-02-03 13:05:01,TRADE_BLOCKED_MARGIN,2026-02-03 15:05:00+02:00,SHORT,197.56
2026-02-03 13:10:01,TRADE_BLOCKED_MARGIN,2026-02-03 15:10:00+02:00,SHORT,197.61
2026-02-03 13:20:01,TRADE_BLOCKED_MARGIN,2026-02-03 15:20:00+02:00,SHORT,197.56
2026-02-03 13:45:01,TRADE_BLOCKED_MARGIN,2026-02-03 15:45:00+02:00,SHORT,197.55
2026-02-03 13:55:01,TRADE_BLOCKED_MARGIN,2026-02-03 15:55:00+02:00,SHORT,197.54
2026-02-03 14:15:01,NO_TRADE_LOW_CONF,2026-02-03 16:15:00+02:00,0.5299499
2026-02-03 14:20:01,NO_TRADE_LOW_CONF,2026-02-03 16:20:00+02:00,0.5159856
2026-02-03 14:25:01,NO_TRADE_LOW_CONF,2026-02-03 16:25:00+02:00,0.51420325
2026-02-03 14:55:01,NO_TRADE_LOW_CONF,2026-02-03 16:55:00+02:00,0.50352967
2026-02-03 15:55:01,NO_TRADE_LOW_CONF,2026-02-03 17:55:00+02:00,0.51027906
2026-02-03 16:00:01,NO_TRADE_LOW_CONF,2026-02-03 18:00:00+02:00,0.50008917
2026-02-03 16:15:01,NO_TRADE_LOW_CONF,2026-02-03 18:15:00+02:00,0.5260634
2026-02-03 16:20:01,NO_TRADE_LOW_CONF,2026-02-03 18:20:00+02:00,0.5206204
2026-02-03 16:45:01,NO_TRADE_LOW_CONF,2026-02-03 18:45:00+02:00,0.54044586
2026-02-03 16:50:01,NO_TRADE_LOW_CONF,2026-02-03 18:50:00+02:00,0.54124093
2026-02-03 17:10:01,NO_TRADE_LOW_CONF,2026-02-03 19:10:00+02:00,0.5265349
2026-02-03 18:45:01,TRADE_BLOCKED_MARGIN,2026-02-03 20:45:00+02:00,LONG,194.15
2026-02-03 19:40:01,TRADE_BLOCKED_MARGIN,2026-02-03 21:40:00+02:00,LONG,194.28
2026-02-03 19:45:01,TRADE_BLOCKED_MARGIN,2026-02-03 21:45:00+02:00,LONG,194.25
2026-02-03 20:05:01,TRADE_BLOCKED_MARGIN,2026-02-03 22:05:00+02:00,LONG,194.35
2026-02-03 20:10:01,TRADE_BLOCKED_MARGIN,2026-02-03 22:10:00+02:00,LONG,194.39
2026-02-03 20:25:01,NO_TRADE_LOW_CONF,2026-02-03 22:25:00+02:00,0.5449918
2026-02-03 20:35:01,NO_TRADE_LOW_CONF,2026-02-03 22:35:00+02:00,0.5278123
2026-02-03 20:40:01,NO_TRADE_LOW_CONF,2026-02-03 22:40:00+02:00,0.5355832
2026-02-03 20:45:01,NO_TRADE_LOW_CONF,2026-02-03 22:45:00+02:00,0.5149276
2026-02-03 20:50:01,NO_TRADE_LOW_CONF,2026-02-03 22:50:00+02:00,0.5271053
2026-02-03 20:55:01,NO_TRADE_LOW_CONF,2026-02-03 22:55:00+02:00,0.5259855
2026-02-03 21:35:01,NO_TRADE_LOW_CONF,2026-02-03 23:35:00+02:00,0.54008853
2026-02-03 21:40:01,NO_TRADE_LOW_CONF,2026-02-03 23:40:00+02:00,0.5441269
2026-02-03 21:45:01,NO_TRADE_LOW_CONF,2026-02-03 23:45:00+02:00,0.5221914
2026-02-03 21:50:01,NO_TRADE_LOW_CONF,2026-02-03 23:50:00+02:00,0.5384391
2026-02-03 21:55:01,NO_TRADE_LOW_CONF,2026-02-03 23:55:00+02:00,0.5455375
2026-02-03 23:15:01,TRADE_BLOCKED_MARGIN,2026-02-04 01:15:00+02:00,SHORT,195.12
2026-02-04 00:05:01,NO_TRADE_LOW_CONF,2026-02-04 02:05:00+02:00,0.51289546
2026-02-04 00:40:01,NO_TRADE_LOW_CONF,2026-02-04 02:40:00+02:00,0.4988835
2026-02-04 00:55:01,NO_TRADE_LOW_CONF,2026-02-04 02:55:00+02:00,0.5374957
2026-02-04 01:00:01,NO_TRADE_LOW_CONF,2026-02-04 03:00:00+02:00,0.5206674
2026-02-04 01:05:01,NO_TRADE_LOW_CONF,2026-02-04 03:05:00+02:00,0.51682186
2026-02-04 01:10:01,NO_TRADE_LOW_CONF,2026-02-04 03:10:00+02:00,0.517738
2026-02-04 01:15:01,NO_TRADE_LOW_CONF,2026-02-04 03:15:00+02:00,0.51586425
2026-02-04 01:20:01,NO_TRADE_LOW_CONF,2026-02-04 03:20:00+02:00,0.5096193
2026-02-04 01:25:01,NO_TRADE_LOW_CONF,2026-02-04 03:25:00+02:00,0.544815
2026-02-04 01:40:01,NO_TRADE_LOW_CONF,2026-02-04 03:40:00+02:00,0.51484525
2026-02-04 03:30:01,NO_TRADE_LOW_CONF,2026-02-04 05:30:00+02:00,0.5207059
2026-02-04 03:50:01,NO_TRADE_LOW_CONF,2026-02-04 05:50:00+02:00,0.5262975
2026-02-04 04:00:01,NO_TRADE_LOW_CONF,2026-02-04 06:00:00+02:00,0.52435297
2026-02-04 04:05:01,NO_TRADE_LOW_CONF,2026-02-04 06:05:00+02:00,0.5228211
2026-02-04 04:35:01,NO_TRADE_LOW_CONF,2026-02-04 06:35:00+02:00,0.5026081
2026-02-04 04:55:01,NO_TRADE_LOW_CONF,2026-02-04 06:55:00+02:00,0.529815
2026-02-04 05:10:01,NO_TRADE_LOW_CONF,2026-02-04 07:10:00+02:00,0.53714085
2026-02-04 05:20:01,NO_TRADE_LOW_CONF,2026-02-04 07:20:00+02:00,0.5177162
2026-02-04 05:40:01,NO_TRADE_LOW_CONF,2026-02-04 07:40:00+02:00,0.5449976
2026-02-04 07:35:01,TRADE_BLOCKED_MARGIN,2026-02-04 09:35:00+02:00,SHORT,195.42
2026-02-04 07:40:01,TRADE_BLOCKED_MARGIN,2026-02-04 09:40:00+02:00,SHORT,195.49
2026-02-04 08:00:01,TRADE_BLOCKED_MARGIN,2026-02-04 10:00:00+02:00,SHORT,195.4
2026-02-04 08:30:01,NO_TRADE_LOW_CONF,2026-02-04 10:30:00+02:00,0.5202689
2026-02-04 08:35:01,NO_TRADE_LOW_CONF,2026-02-04 10:35:00+02:00,0.50628185
2026-02-04 09:55:01,TRADE_BLOCKED_MARGIN,2026-02-04 11:55:00+02:00,LONG,195.04
2026-02-04 10:00:01,NO_TRADE_LOW_CONF,2026-02-04 12:00:00+02:00,0.54068726
2026-02-04 11:00:01,TRADE_BLOCKED_MARGIN,2026-02-04 13:00:00+02:00,SHORT,195.45
2026-02-04 11:05:01,TRADE_BLOCKED_MARGIN,2026-02-04 13:05:00+02:00,SHORT,195.44
2026-02-04 11:20:01,TRADE_BLOCKED_MARGIN,2026-02-04 13:20:00+02:00,SHORT,195.56
2026-02-04 11:25:01,TRADE_BLOCKED_MARGIN,2026-02-04 13:25:00+02:00,SHORT,195.58
2026-02-04 11:30:01,TRADE_BLOCKED_MARGIN,2026-02-04 13:30:00+02:00,SHORT,195.55
2026-02-04 12:20:01,TRADE_BLOCKED_MARGIN,2026-02-04 14:20:00+02:00,SHORT,195.65
2026-02-04 12:25:01,TRADE_BLOCKED_MARGIN,2026-02-04 14:25:00+02:00,SHORT,195.57
2026-02-04 14:20:01,NO_TRADE_LOW_CONF,2026-02-04 16:20:00+02:00,0.54699445
2026-02-04 14:35:01,NO_TRADE_LOW_CONF,2026-02-04 16:35:00+02:00,0.5295711
2026-02-04 15:45:01,NO_TRADE_LOW_CONF,2026-02-04 17:45:00+02:00,0.5244064
2026-02-04 16:35:01,TRADE_BLOCKED_MARGIN,2026-02-04 18:35:00+02:00,LONG,194.8
2026-02-04 16:40:01,TRADE_BLOCKED_MARGIN,2026-02-04 18:40:00+02:00,LONG,194.74
2026-02-04 17:10:01,TRADE_BLOCKED_MARGIN,2026-02-04 19:10:00+02:00,LONG,194.39
2026-02-04 17:15:01,NO_TRADE_LOW_CONF,2026-02-04 19:15:00+02:00,0.5098699
2026-02-04 17:20:01,TRADE_BLOCKED_MARGIN,2026-02-04 19:20:00+02:00,LONG,194.17
2026-02-04 17:25:01,TRADE_BLOCKED_MARGIN,2026-02-04 19:25:00+02:00,LONG,194.15
2026-02-04 18:10:01,TRADE_BLOCKED_MARGIN,2026-02-04 20:10:00+02:00,LONG,193.45
2026-02-04 18:15:01,TRADE_BLOCKED_MARGIN,2026-02-04 20:15:00+02:00,LONG,193.61
2026-02-04 18:20:01,TRADE_BLOCKED_MARGIN,2026-02-04 20:20:00+02:00,LONG,193.48
2026-02-04 18:25:01,TRADE_BLOCKED_MARGIN,2026-02-04 20:25:00+02:00,LONG,193.78
2026-02-04 18:40:01,TRADE_BLOCKED_MARGIN,2026-02-04 20:40:00+02:00,LONG,193.86
2026-02-04 18:45:01,NO_TRADE_LOW_CONF,2026-02-04 20:45:00+02:00,0.53716344
2026-02-04 18:50:01,TRADE_BLOCKED_MARGIN,2026-02-04 20:50:00+02:00,LONG,193.81
2026-02-04 18:55:01,TRADE_BLOCKED_MARGIN,2026-02-04 20:55:00+02:00,LONG,194.02
2026-02-04 19:30:01,TRADE_BLOCKED_MARGIN,2026-02-04 21:30:00+02:00,SHORT,194.23
2026-02-04 20:15:01,TRADE_BLOCKED_MARGIN,2026-02-04 22:15:00+02:00,SHORT,194.72
2026-02-04 20:20:01,TRADE_BLOCKED_MARGIN,2026-02-04 22:20:00+02:00,SHORT,194.73
2026-02-04 20:25:01,TRADE_BLOCKED_MARGIN,2026-02-04 22:25:00+02:00,SHORT,194.84
2026-02-04 20:30:01,TRADE_BLOCKED_MARGIN,2026-02-04 22:30:00+02:00,SHORT,194.8
2026-02-04 20:35:01,TRADE_BLOCKED_MARGIN,2026-02-04 22:35:00+02:00,SHORT,194.85
2026-02-04 20:40:01,TRADE_BLOCKED_MARGIN,2026-02-04 22:40:00+02:00,SHORT,194.97
2026-02-04 20:45:01,TRADE_BLOCKED_MARGIN,2026-02-04 22:45:00+02:00,SHORT,194.84
2026-02-04 20:50:01,TRADE_BLOCKED_MARGIN,2026-02-04 22:50:00+02:00,SHORT,194.96
2026-02-04 20:55:01,TRADE_BLOCKED_MARGIN,2026-02-04 22:55:00+02:00,SHORT,194.44
2026-02-04 21:05:01,NO_TRADE_LOW_CONF,2026-02-04 23:05:00+02:00,0.5190238
2026-02-04 23:05:01,NO_TRADE_LOW_CONF,2026-02-05 01:00:00+02:00,0.5126173
2026-02-04 23:15:01,NO_TRADE_LOW_CONF,2026-02-05 01:15:00+02:00,0.5151014
2026-02-04 23:30:01,NO_TRADE_LOW_CONF,2026-02-05 01:30:00+02:00,0.5413495
2026-02-04 23:35:01,NO_TRADE_LOW_CONF,2026-02-05 01:35:00+02:00,0.54278725
2026-02-04 23:45:01,NO_TRADE_LOW_CONF,2026-02-05 01:45:00+02:00,0.50436485
2026-02-05 00:20:01,TRADE_BLOCKED_MARGIN,2026-02-05 02:20:00+02:00,LONG,194.92
2026-02-05 00:25:01,TRADE_BLOCKED_MARGIN,2026-02-05 02:25:00+02:00,LONG,194.96
2026-02-05 00:30:01,TRADE_BLOCKED_MARGIN,2026-02-05 02:30:00+02:00,LONG,195.03
2026-02-05 00:40:01,TRADE_BLOCKED_MARGIN,2026-02-05 02:40:00+02:00,LONG,195.1
2026-02-05 00:45:01,TRADE_BLOCKED_MARGIN,2026-02-05 02:45:00+02:00,LONG,195.1
2026-02-05 00:55:01,TRADE_BLOCKED_MARGIN,2026-02-05 02:55:00+02:00,LONG,194.96
2026-02-05 01:00:01,TRADE_BLOCKED_MARGIN,2026-02-05 03:00:00+02:00,LONG,194.94
2026-02-05 01:05:01,TRADE_BLOCKED_MARGIN,2026-02-05 03:05:00+02:00,LONG,194.96
2026-02-05 01:45:01,TRADE_BLOCKED_MARGIN,2026-02-05 03:45:00+02:00,LONG,195.15
2026-02-05 01:50:01,TRADE_BLOCKED_MARGIN,2026-02-05 03:50:00+02:00,LONG,195.09
2026-02-05 01:55:01,TRADE_BLOCKED_MARGIN,2026-02-05 03:55:00+02:00,LONG,195.09
2026-02-05 02:00:01,TRADE_BLOCKED_MARGIN,2026-02-05 04:00:00+02:00,LONG,195.12
2026-02-05 02:45:01,TRADE_BLOCKED_MARGIN,2026-02-05 04:45:00+02:00,LONG,194.87
2026-02-05 03:25:01,TRADE_BLOCKED_MARGIN,2026-02-05 05:25:00+02:00,LONG,194.67
2026-02-05 03:30:01,TRADE_BLOCKED_MARGIN,2026-02-05 05:30:00+02:00,LONG,194.65
2026-02-05 03:35:01,TRADE_BLOCKED_MARGIN,2026-02-05 05:35:00+02:00,LONG,194.54
2026-02-05 03:40:01,TRADE_BLOCKED_MARGIN,2026-02-05 05:40:00+02:00,LONG,194.45
2026-02-05 03:45:01,TRADE_BLOCKED_MARGIN,2026-02-05 05:45:00+02:00,LONG,194.51
2026-02-05 04:15:01,TRADE_BLOCKED_MARGIN,2026-02-05 06:15:00+02:00,LONG,194.33
2026-02-05 04:20:01,TRADE_BLOCKED_MARGIN,2026-02-05 06:20:00+02:00,LONG,194.26
2026-02-05 04:25:01,TRADE_BLOCKED_MARGIN,2026-02-05 06:25:00+02:00,LONG,194.25
2026-02-05 04:35:01,TRADE_BLOCKED_MARGIN,2026-02-05 06:35:00+02:00,LONG,194.39
2026-02-05 04:40:01,TRADE_BLOCKED_MARGIN,2026-02-05 06:40:00+02:00,LONG,194.37
2026-02-05 04:45:01,TRADE_BLOCKED_MARGIN,2026-02-05 06:45:00+02:00,LONG,194.58
2026-02-05 05:05:01,TRADE_BLOCKED_MARGIN,2026-02-05 07:05:00+02:00,LONG,194.57
2026-02-05 05:10:01,TRADE_BLOCKED_MARGIN,2026-02-05 07:10:00+02:00,LONG,194.5
2026-02-05 05:15:01,TRADE_BLOCKED_MARGIN,2026-02-05 07:15:00+02:00,LONG,194.48
2026-02-05 05:35:01,NO_TRADE_LOW_CONF,2026-02-05 07:35:00+02:00,0.5392641
2026-02-05 05:45:01,NO_TRADE_LOW_CONF,2026-02-05 07:45:00+02:00,0.54333824
2026-02-05 06:10:01,TRADE_BLOCKED_MARGIN,2026-02-05 08:10:00+02:00,SHORT,194.57
2026-02-05 06:20:01,NO_TRADE_LOW_CONF,2026-02-05 08:20:00+02:00,0.53656185
2026-02-05 06:45:01,NO_TRADE_LOW_CONF,2026-02-05 08:45:00+02:00,0.54975235
2026-02-05 06:50:01,NO_TRADE_LOW_CONF,2026-02-05 08:50:00+02:00,0.5074355
2026-02-05 06:55:01,NO_TRADE_LOW_CONF,2026-02-05 08:55:00+02:00,0.50101626
2026-02-05 07:00:01,NO_TRADE_LOW_CONF,2026-02-05 09:00:00+02:00,0.52519774
2026-02-05 07:05:01,NO_TRADE_LOW_CONF,2026-02-05 09:05:00+02:00,0.51488596
2026-02-05 07:15:01,NO_TRADE_LOW_CONF,2026-02-05 09:15:00+02:00,0.50534797
2026-02-05 07:20:01,NO_TRADE_LOW_CONF,2026-02-05 09:20:00+02:00,0.54629946
2026-02-05 07:45:01,NO_TRADE_LOW_CONF,2026-02-05 09:45:00+02:00,0.50058466
2026-02-05 07:50:01,NO_TRADE_LOW_CONF,2026-02-05 09:50:00+02:00,0.5054017
2026-02-05 07:55:01,NO_TRADE_LOW_CONF,2026-02-05 09:55:00+02:00,0.50905865
2026-02-05 08:15:01,NO_TRADE_LOW_CONF,2026-02-05 10:15:00+02:00,0.50270855
2026-02-05 08:30:01,NO_TRADE_LOW_CONF,2026-02-05 10:30:00+02:00,0.50210303
2026-02-05 09:45:01,NO_TRADE_LOW_CONF,2026-02-05 11:45:00+02:00,0.5038448
2026-02-05 10:00:01,NO_TRADE_LOW_CONF,2026-02-05 12:00:00+02:00,0.5247091
2026-02-05 10:05:01,NO_TRADE_LOW_CONF,2026-02-05 12:05:00+02:00,0.532796
2026-02-05 10:45:01,TRADE_BLOCKED_MARGIN,2026-02-05 12:45:00+02:00,SHORT,194.61
2026-02-05 10:55:01,TRADE_BLOCKED_MARGIN,2026-02-05 12:55:00+02:00,SHORT,194.65
2026-02-05 11:00:01,TRADE_BLOCKED_MARGIN,2026-02-05 13:00:00+02:00,SHORT,194.69
2026-02-05 11:10:01,TRADE_BLOCKED_MARGIN,2026-02-05 13:05:00+02:00,SHORT,194.75
2026-02-05 11:15:01,TRADE_BLOCKED_MARGIN,2026-02-05 13:15:00+02:00,SHORT,194.72
2026-02-05 11:30:01,TRADE_BLOCKED_MARGIN,2026-02-05 13:30:00+02:00,SHORT,194.69
2026-02-05 11:35:01,TRADE_BLOCKED_MARGIN,2026-02-05 13:35:00+02:00,SHORT,194.55
2026-02-05 11:40:01,TRADE_BLOCKED_MARGIN,2026-02-05 13:40:00+02:00,SHORT,194.66
2026-02-05 11:45:01,TRADE_BLOCKED_MARGIN,2026-02-05 13:45:00+02:00,SHORT,194.71
2026-02-05 11:50:01,TRADE_BLOCKED_MARGIN,2026-02-05 13:50:00+02:00,SHORT,194.73
2026-02-05 12:00:01,TRADE_BLOCKED_MARGIN,2026-02-05 14:00:00+02:00,SHORT,194.78
2026-02-05 12:15:01,TRADE_BLOCKED_MARGIN,2026-02-05 14:15:00+02:00,SHORT,194.89
2026-02-05 13:15:01,TRADE_BLOCKED_MARGIN,2026-02-05 15:15:00+02:00,LONG,193.52
2026-02-05 13:20:01,TRADE_BLOCKED_MARGIN,2026-02-05 15:20:00+02:00,LONG,193.37
2026-02-05 13:25:01,TRADE_BLOCKED_MARGIN,2026-02-05 15:25:00+02:00,LONG,193.45
2026-02-05 13:30:01,TRADE_BLOCKED_MARGIN,2026-02-05 15:30:00+02:00,LONG,193.35
2026-02-05 13:40:01,TRADE_BLOCKED_MARGIN,2026-02-05 15:40:00+02:00,LONG,193.35
2026-02-05 13:45:01,TRADE_BLOCKED_MARGIN,2026-02-05 15:45:00+02:00,LONG,193.26
2026-02-05 14:20:01,NO_TRADE_LOW_CONF,2026-02-05 16:20:00+02:00,0.5310754
2026-02-05 14:30:01,NO_TRADE_LOW_CONF,2026-02-05 16:30:00+02:00,0.5059018
2026-02-05 14:35:01,NO_TRADE_LOW_CONF,2026-02-05 16:35:00+02:00,0.50424206
2026-02-05 14:40:01,NO_TRADE_LOW_CONF,2026-02-05 16:40:00+02:00,0.5320507
2026-02-05 16:15:01,TRADE_BLOCKED_MARGIN,2026-02-05 18:15:00+02:00,SHORT,191.75
2026-02-05 16:20:01,TRADE_BLOCKED_MARGIN,2026-02-05 18:20:00+02:00,SHORT,192.31
2026-02-05 16:35:01,NO_TRADE_LOW_CONF,2026-02-05 18:35:00+02:00,0.5313612
2026-02-05 16:40:01,NO_TRADE_LOW_CONF,2026-02-05 18:40:00+02:00,0.49746263
2026-02-05 16:45:01,NO_TRADE_LOW_CONF,2026-02-05 18:45:00+02:00,0.49681
2026-02-05 17:10:01,NO_TRADE_LOW_CONF,2026-02-05 19:10:00+02:00,0.53871226
2026-02-05 17:20:01,NO_TRADE_LOW_CONF,2026-02-05 19:20:00+02:00,0.5001511
2026-02-05 17:45:01,TRADE_BLOCKED_MARGIN,2026-02-05 19:45:00+02:00,SHORT,193.13
2026-02-05 17:55:01,TRADE_BLOCKED_MARGIN,2026-02-05 19:55:00+02:00,SHORT,192.94
2026-02-05 18:00:01,TRADE_BLOCKED_MARGIN,2026-02-05 20:00:00+02:00,SHORT,192.79
2026-02-05 18:05:01,TRADE_BLOCKED_MARGIN,2026-02-05 20:05:00+02:00,SHORT,192.8
2026-02-05 18:10:01,TRADE_BLOCKED_MARGIN,2026-02-05 20:10:00+02:00,SHORT,192.72
2026-02-05 18:35:01,TRADE_BLOCKED_MARGIN,2026-02-05 20:35:00+02:00,SHORT,192.48
2026-02-05 18:40:01,TRADE_BLOCKED_MARGIN,2026-02-05 20:40:00+02:00,SHORT,192.37
2026-02-05 18:45:01,NO_TRADE_LOW_CONF,2026-02-05 20:45:00+02:00,0.50683457
2026-02-05 18:50:01,NO_TRADE_LOW_CONF,2026-02-05 20:50:00+02:00,0.5028902
2026-02-05 19:00:01,NO_TRADE_LOW_CONF,2026-02-05 21:00:00+02:00,0.52684176
2026-02-05 19:05:01,NO_TRADE_LOW_CONF,2026-02-05 21:05:00+02:00,0.49893293
2026-02-05 19:30:01,TRADE_BLOCKED_MARGIN,2026-02-05 21:30:00+02:00,LONG,192.85
2026-02-05 19:35:01,NO_TRADE_LOW_CONF,2026-02-05 21:35:00+02:00,0.49862745
2026-02-05 19:40:01,NO_TRADE_LOW_CONF,2026-02-05 21:40:00+02:00,0.50668883
2026-02-05 19:45:01,NO_TRADE_LOW_CONF,2026-02-05 21:45:00+02:00,0.51342374
2026-02-05 19:50:01,NO_TRADE_LOW_CONF,2026-02-05 21:50:00+02:00,0.4953837
2026-02-05 19:55:01,NO_TRADE_LOW_CONF,2026-02-05 21:55:00+02:00,0.5059705
2026-02-05 20:00:01,NO_TRADE_LOW_CONF,2026-02-05 22:00:00+02:00,0.50224197
2026-02-05 20:15:01,NO_TRADE_LOW_CONF,2026-02-05 22:15:00+02:00,0.52607113
2026-02-05 20:20:01,NO_TRADE_LOW_CONF,2026-02-05 22:20:00+02:00,0.50334793
2026-02-05 20:30:01,NO_TRADE_LOW_CONF,2026-02-05 22:30:00+02:00,0.5107198
2026-02-05 20:35:01,NO_TRADE_LOW_CONF,2026-02-05 22:35:00+02:00,0.514309
2026-02-05 20:40:01,NO_TRADE_LOW_CONF,2026-02-05 22:40:00+02:00,0.49902835
2026-02-05 20:50:01,NO_TRADE_LOW_CONF,2026-02-05 22:50:00+02:00,0.5496096
2026-02-05 20:55:01,NO_TRADE_LOW_CONF,2026-02-05 22:55:00+02:00,0.5399979
2026-02-05 21:15:01,NO_TRADE_LOW_CONF,2026-02-05 23:15:00+02:00,0.5155148
2026-02-05 23:10:01,NO_TRADE_LOW_CONF,2026-02-06 01:10:00+02:00,0.54386604
2026-02-05 23:45:01,TRADE_BLOCKED_MARGIN,2026-02-06 01:45:00+02:00,LONG,191.1
2026-02-05 23:55:01,NO_TRADE_LOW_CONF,2026-02-06 01:55:00+02:00,0.506258
2026-02-06 00:20:01,TRADE_BLOCKED_MARGIN,2026-02-06 02:20:00+02:00,LONG,191.02
2026-02-06 00:35:01,NO_TRADE_LOW_CONF,2026-02-06 02:35:00+02:00,0.51048505
2026-02-06 00:55:01,TRADE_BLOCKED_MARGIN,2026-02-06 02:55:00+02:00,LONG,191.18
2026-02-06 01:00:01,TRADE_BLOCKED_MARGIN,2026-02-06 03:00:00+02:00,LONG,191.31
2026-02-06 01:05:01,TRADE_BLOCKED_MARGIN,2026-02-06 03:05:00+02:00,LONG,191.41
2026-02-06 01:10:01,TRADE_BLOCKED_MARGIN,2026-02-06 03:10:00+02:00,LONG,191.32
2026-02-06 01:15:01,TRADE_BLOCKED_MARGIN,2026-02-06 03:15:00+02:00,LONG,191.13
2026-02-06 01:20:01,TRADE_BLOCKED_MARGIN,2026-02-06 03:20:00+02:00,LONG,190.94
2026-02-06 01:25:01,TRADE_BLOCKED_MARGIN,2026-02-06 03:25:00+02:00,LONG,191.1
2026-02-06 01:30:01,TRADE_BLOCKED_MARGIN,2026-02-06 03:30:00+02:00,LONG,191.1
2026-02-06 01:35:01,TRADE_BLOCKED_MARGIN,2026-02-06 03:35:00+02:00,LONG,191.27
2026-02-06 01:40:01,NO_TRADE_LOW_CONF,2026-02-06 03:40:00+02:00,0.5359076
2026-02-06 01:45:01,NO_TRADE_LOW_CONF,2026-02-06 03:45:00+02:00,0.54168093
2026-02-06 01:50:01,NO_TRADE_LOW_CONF,2026-02-06 03:50:00+02:00,0.49768743
2026-02-06 02:00:01,NO_TRADE_LOW_CONF,2026-02-06 04:00:00+02:00,0.5287336
2026-02-06 03:00:01,TRADE_BLOCKED_MARGIN,2026-02-06 05:00:00+02:00,LONG,191.81
2026-02-06 03:05:01,TRADE_BLOCKED_MARGIN,2026-02-06 05:05:00+02:00,LONG,191.87
2026-02-06 03:10:01,TRADE_BLOCKED_MARGIN,2026-02-06 05:10:00+02:00,LONG,191.82
2026-02-06 03:15:01,TRADE_BLOCKED_MARGIN,2026-02-06 05:15:00+02:00,LONG,191.73
2026-02-06 03:25:01,NO_TRADE_LOW_CONF,2026-02-06 05:25:00+02:00,0.51867205
2026-02-06 03:35:01,TRADE_BLOCKED_MARGIN,2026-02-06 05:35:00+02:00,LONG,191.77
2026-02-06 03:40:01,NO_TRADE_LOW_CONF,2026-02-06 05:40:00+02:00,0.5438899
2026-02-06 03:50:01,NO_TRADE_LOW_CONF,2026-02-06 05:50:00+02:00,0.53341925
2026-02-06 03:55:01,NO_TRADE_LOW_CONF,2026-02-06 05:55:00+02:00,0.53670204
2026-02-06 04:15:01,NO_TRADE_LOW_CONF,2026-02-06 06:15:00+02:00,0.52793443
2026-02-06 04:20:01,NO_TRADE_LOW_CONF,2026-02-06 06:20:00+02:00,0.5335886
2026-02-06 04:25:01,TRADE_BLOCKED_MARGIN,2026-02-06 06:25:00+02:00,LONG,191.54
2026-02-06 04:30:01,TRADE_BLOCKED_MARGIN,2026-02-06 06:30:00+02:00,LONG,191.5
2026-02-06 04:50:01,TRADE_BLOCKED_MARGIN,2026-02-06 06:50:00+02:00,LONG,191.21
2026-02-06 04:55:01,TRADE_BLOCKED_MARGIN,2026-02-06 06:55:00+02:00,LONG,191.14
2026-02-06 05:05:01,NO_TRADE_LOW_CONF,2026-02-06 07:05:00+02:00,0.5481757
2026-02-06 05:10:01,TRADE_BLOCKED_MARGIN,2026-02-06 07:10:00+02:00,LONG,191.08
2026-02-06 05:20:01,TRADE_BLOCKED_MARGIN,2026-02-06 07:20:00+02:00,LONG,191.15
2026-02-06 05:25:01,TRADE_BLOCKED_MARGIN,2026-02-06 07:25:00+02:00,LONG,191.24
2026-02-06 05:35:01,NO_TRADE_LOW_CONF,2026-02-06 07:30:00+02:00,0.5448757
2026-02-06 05:55:01,TRADE_BLOCKED_MARGIN,2026-02-06 07:55:00+02:00,LONG,191.9
2026-02-06 06:00:01,TRADE_BLOCKED_MARGIN,2026-02-06 08:00:00+02:00,LONG,191.82
2026-02-06 06:05:01,TRADE_BLOCKED_MARGIN,2026-02-06 08:05:00+02:00,LONG,191.89
2026-02-06 06:10:01,TRADE_BLOCKED_MARGIN,2026-02-06 08:10:00+02:00,LONG,191.9
2026-02-06 06:20:01,TRADE_BLOCKED_MARGIN,2026-02-06 08:20:00+02:00,LONG,191.86
2026-02-06 06:30:01,TRADE_BLOCKED_MARGIN,2026-02-06 08:30:00+02:00,LONG,191.86
2026-02-06 06:35:01,TRADE_BLOCKED_MARGIN,2026-02-06 08:35:00+02:00,LONG,191.79
2026-02-06 06:45:01,TRADE_BLOCKED_MARGIN,2026-02-06 08:40:00+02:00,LONG,191.69
2026-02-06 06:50:01,TRADE_BLOCKED_MARGIN,2026-02-06 08:50:00+02:00,LONG,191.69
2026-02-06 06:55:01,TRADE_BLOCKED_MARGIN,2026-02-06 08:55:00+02:00,LONG,191.73
2026-02-06 07:00:01,TRADE_BLOCKED_MARGIN,2026-02-06 09:00:00+02:00,LONG,191.69
2026-02-06 07:10:01,NO_TRADE_LOW_CONF,2026-02-06 09:10:00+02:00,0.50190455
2026-02-06 07:25:01,NO_TRADE_LOW_CONF,2026-02-06 09:25:00+02:00,0.54383445
2026-02-06 07:30:01,NO_TRADE_LOW_CONF,2026-02-06 09:30:00+02:00,0.53362364
2026-02-06 07:35:01,NO_TRADE_LOW_CONF,2026-02-06 09:35:00+02:00,0.5219571
2026-02-06 07:45:01,NO_TRADE_LOW_CONF,2026-02-06 09:45:00+02:00,0.5297877
2026-02-06 08:00:01,NO_TRADE_LOW_CONF,2026-02-06 10:00:00+02:00,0.52134174
2026-02-06 08:20:01,NO_TRADE_LOW_CONF,2026-02-06 10:20:00+02:00,0.5420919
2026-02-06 08:30:01,NO_TRADE_LOW_CONF,2026-02-06 10:30:00+02:00,0.5270479
2026-02-06 08:35:01,NO_TRADE_LOW_CONF,2026-02-06 10:35:00+02:00,0.5491231
2026-02-06 08:45:01,NO_TRADE_LOW_CONF,2026-02-06 10:45:00+02:00,0.5300456
2026-02-06 08:50:01,NO_TRADE_LOW_CONF,2026-02-06 10:50:00+02:00,0.5376205
2026-02-06 09:20:01,NO_TRADE_LOW_CONF,2026-02-06 11:20:00+02:00,0.49841177
2026-02-06 09:25:01,NO_TRADE_LOW_CONF,2026-02-06 11:25:00+02:00,0.52168095
2026-02-06 09:40:01,NO_TRADE_LOW_CONF,2026-02-06 11:40:00+02:00,0.53761685
2026-02-06 09:45:01,NO_TRADE_LOW_CONF,2026-02-06 11:45:00+02:00,0.5262689
2026-02-06 09:50:01,NO_TRADE_LOW_CONF,2026-02-06 11:50:00+02:00,0.50403583
2026-02-06 09:55:01,NO_TRADE_LOW_CONF,2026-02-06 11:55:00+02:00,0.5357323
2026-02-06 10:05:01,TRADE_BLOCKED_MARGIN,2026-02-06 12:05:00+02:00,LONG,192.64
2026-02-06 10:15:01,TRADE_BLOCKED_MARGIN,2026-02-06 12:15:00+02:00,LONG,192.63
2026-02-06 10:25:01,TRADE_BLOCKED_MARGIN,2026-02-06 12:25:00+02:00,LONG,192.65
2026-02-06 10:50:01,TRADE_BLOCKED_MARGIN,2026-02-06 12:50:00+02:00,SHORT,192.9
2026-02-06 10:55:01,TRADE_BLOCKED_MARGIN,2026-02-06 12:55:00+02:00,SHORT,192.95
2026-02-06 11:20:01,TRADE_BLOCKED_MARGIN,2026-02-06 13:20:00+02:00,SHORT,193.33
2026-02-06 12:45:01,NO_TRADE_LOW_CONF,2026-02-06 14:45:00+02:00,0.5375917
2026-02-06 12:50:01,NO_TRADE_LOW_CONF,2026-02-06 14:50:00+02:00,0.5339518
2026-02-06 13:05:01,TRADE_BLOCKED_MARGIN,2026-02-06 15:05:00+02:00,SHORT,192.91
2026-02-06 13:10:01,TRADE_BLOCKED_MARGIN,2026-02-06 15:10:00+02:00,SHORT,192.95
2026-02-06 13:35:01,NO_TRADE_LOW_CONF,2026-02-06 15:35:00+02:00,0.54549694
2026-02-06 13:40:01,NO_TRADE_LOW_CONF,2026-02-06 15:40:00+02:00,0.52398086
2026-02-06 13:45:01,NO_TRADE_LOW_CONF,2026-02-06 15:45:00+02:00,0.532939
2026-02-06 14:00:01,TRADE_BLOCKED_MARGIN,2026-02-06 16:00:00+02:00,SHORT,192.91
2026-02-06 14:05:01,TRADE_BLOCKED_MARGIN,2026-02-06 16:05:00+02:00,SHORT,192.85
2026-02-06 14:10:01,TRADE_BLOCKED_MARGIN,2026-02-06 16:10:00+02:00,SHORT,192.88
2026-02-06 14:15:01,TRADE_BLOCKED_MARGIN,2026-02-06 16:15:00+02:00,SHORT,192.92
2026-02-06 14:25:01,TRADE_BLOCKED_MARGIN,2026-02-06 16:25:00+02:00,SHORT,192.86
2026-02-06 14:30:01,TRADE_BLOCKED_MARGIN,2026-02-06 16:30:00+02:00,SHORT,192.83
2026-02-06 15:00:01,NO_TRADE_LOW_CONF,2026-02-06 17:00:00+02:00,0.5118519
2026-02-06 15:10:01,NO_TRADE_LOW_CONF,2026-02-06 17:10:00+02:00,0.54569757
2026-02-06 16:05:01,TRADE_BLOCKED_MARGIN,2026-02-06 18:05:00+02:00,SHORT,194.35
2026-02-06 16:10:01,TRADE_BLOCKED_MARGIN,2026-02-06 18:10:00+02:00,SHORT,194.46
2026-02-06 16:15:01,TRADE_BLOCKED_MARGIN,2026-02-06 18:15:00+02:00,SHORT,194.48
2026-02-06 16:20:01,TRADE_BLOCKED_MARGIN,2026-02-06 18:20:00+02:00,SHORT,194.43
2026-02-06 16:25:01,TRADE_BLOCKED_MARGIN,2026-02-06 18:25:00+02:00,SHORT,194.48
2026-02-06 16:30:01,TRADE_BLOCKED_MARGIN,2026-02-06 18:30:00+02:00,SHORT,194.43
2026-02-06 16:35:01,TRADE_BLOCKED_MARGIN,2026-02-06 18:35:00+02:00,SHORT,194.54
2026-02-06 16:50:01,TRADE_BLOCKED_MARGIN,2026-02-06 18:50:00+02:00,SHORT,194.57
2026-02-06 16:55:01,TRADE_BLOCKED_MARGIN,2026-02-06 18:55:00+02:00,SHORT,194.61
2026-02-06 17:00:01,TRADE_BLOCKED_MARGIN,2026-02-06 19:00:00+02:00,SHORT,194.57
2026-02-06 17:05:01,TRADE_BLOCKED_MARGIN,2026-02-06 19:05:00+02:00,SHORT,194.63
2026-02-06 17:10:01,TRADE_BLOCKED_MARGIN,2026-02-06 19:10:00+02:00,SHORT,194.73
2026-02-06 17:15:01,NO_TRADE_LOW_CONF,2026-02-06 19:15:00+02:00,0.5051859
2026-02-06 17:25:01,TRADE_BLOCKED_MARGIN,2026-02-06 19:20:00+02:00,SHORT,194.7
2026-02-06 17:30:01,TRADE_BLOCKED_MARGIN,2026-02-06 19:30:00+02:00,SHORT,194.85
2026-02-06 17:40:01,NO_TRADE_LOW_CONF,2026-02-06 19:40:00+02:00,0.51370263
2026-02-06 17:50:01,TRADE_BLOCKED_MARGIN,2026-02-06 19:50:00+02:00,LONG,194.9
